title,time_addition,views,author
Юла - Реклама,4 года назад,17 тыс. просмотров,John Doe
РОСБАНК - Реклама,4 года назад,25 тыс. просмотров,John Doe
Остров Фантазий - Реклама,4 года назад,"4,3 тыс. просмотров",John Doe
М.Видео - Реклама,4 года назад,12 тыс. просмотров,John Doe
Лазолван Рино - Реклама,4 года назад,17 тыс. просмотров,John Doe
Вязанка - Реклама,4 года назад,29 тыс. просмотров,John Doe
Ново-Пассит - Реклама,4 года назад,22 тыс. просмотров,John Doe
Ринофлуимуцил - Реклама,4 года назад,18 тыс. просмотров,John Doe
Хилак Форте - Реклама,4 года назад,27 тыс. просмотров,John Doe
Тантум Верде - Реклама,4 года назад,14 тыс. просмотров,John Doe
WILDBERRIES - Реклама,4 года назад,36 тыс. просмотров,John Doe
Sokolov - Реклама,4 года назад,"5,2 тыс. просмотров",John Doe
OPPO - Реклама,4 года назад,"7,1 тыс. просмотров",John Doe
Maybelline New York - Реклама,4 года назад,"7,3 тыс. просмотров",John Doe
Calgon - Реклама,4 года назад,13 тыс. просмотров,John Doe
Стародворье - Реклама,4 года назад,16 тыс. просмотров,John Doe
Лена Летучая в рекламе Listerine,4 года назад,16 тыс. просмотров,John Doe
Билайн - Реклама,4 года назад,26 тыс. просмотров,John Doe
Долфин - Реклама,4 года назад,18 тыс. просмотров,John Doe
KIA Seltos - Реклама,4 года назад,"8,5 тыс. просмотров",John Doe
Бронхо-Мунал - Реклама,4 года назад,20 тыс. просмотров,John Doe
Кагоцел - Реклама,4 года назад,29 тыс. просмотров,John Doe
МегаФон Нас не догонят - Реклама,4 года назад,19 тыс. просмотров,John Doe
Polaris - Реклама,4 года назад,"5,6 тыс. просмотров",John Doe
Мелаксен - Реклама,4 года назад,13 тыс. просмотров,John Doe
Эспумизан бэби - Реклама,4 года назад,311 тыс. просмотров,John Doe
Durex Intense Orgasmic - Реклама,4 года назад,"3,1 тыс. просмотров",John Doe
LADA - Реклама,4 года назад,21 тыс. просмотров,John Doe
Borjomi - Реклама,4 года назад,4 тыс. просмотров,John Doe
Delivery Club - Реклама,4 года назад,28 тыс. просмотров,John Doe
Garnier - Реклама,4 года назад,"9,6 тыс. просмотров",John Doe
L'Oreal Paris - Реклама,4 года назад,"5,4 тыс. просмотров",John Doe
Тримедат - Реклама,4 года назад,16 тыс. просмотров,John Doe
Пенталгин - Реклама,4 года назад,43 тыс. просмотров,John Doe
Микролакс - Реклама,4 года назад,25 тыс. просмотров,John Doe
Лонгидаза (короткая версия) - Реклама,4 года назад,16 тыс. просмотров,John Doe
АнтиГриппин - Реклама,4 года назад,20 тыс. просмотров,John Doe
Ингавирин - Реклама,4 года назад,17 тыс. просмотров,John Doe
L’Oréal Paris - Реклама,4 года назад,"9,1 тыс. просмотров",John Doe
Carte Noire - Реклама,4 года назад,"6,7 тыс. просмотров",John Doe
Чудо - Реклама,4 года назад,43 тыс. просмотров,John Doe
Apple Arcade - Реклама,4 года назад,"5,6 тыс. просмотров",John Doe
WILDBERRIES - Реклама,4 года назад,49 тыс. просмотров,John Doe
Schweppes - Реклама,4 года назад,"4,5 тыс. просмотров",John Doe
Colgate - Реклама,4 года назад,12 тыс. просмотров,John Doe
Гутталакс - Реклама,4 года назад,18 тыс. просмотров,John Doe
Работа.ру - Реклама,4 года назад,"4,4 тыс. просмотров",John Doe
TELE2 - Реклама,4 года назад,"5,3 тыс. просмотров",John Doe
Fructis - Реклама,4 года назад,"8,9 тыс. просмотров",John Doe
Почта Банк - Реклама,4 года назад,"3,3 тыс. просмотров",John Doe
Простамол Уно - Реклама,4 года назад,33 тыс. просмотров,John Doe
Лазолван - Реклама,4 года назад,26 тыс. просмотров,John Doe
Huggies Elite Soft - Реклама,4 года назад,14 тыс. просмотров,John Doe
ESTEL - Реклама,4 года назад,20 тыс. просмотров,John Doe
Доктор МОМ - Реклама,4 года назад,31 тыс. просмотров,John Doe
Лиотон - Реклама,4 года назад,34 тыс. просмотров,John Doe
Йодомарин - Реклама,4 года назад,23 тыс. просмотров,John Doe
Orbit - Реклама,4 года назад,"4,6 тыс. просмотров",John Doe
Лонгидаза - Реклама,4 года назад,19 тыс. просмотров,John Doe
Tinkoff Black - Реклама,4 года назад,"1,9 тыс. просмотров",John Doe
TOYOTA Camry S-Edition - Реклама,4 года назад,"7,5 тыс. просмотров",John Doe
LEXUS - Реклама,4 года назад,"8,2 тыс. просмотров",John Doe
МТС - Реклама,4 года назад,"8,3 тыс. просмотров",John Doe
DomClick от Сбербанка - Реклама,4 года назад,"2,3 тыс. просмотров",John Doe
БЛАДШОТ - Реклама,4 года назад,"1,6 тыс. просмотров",John Doe
Персен - Реклама 2,4 года назад,12 тыс. просмотров,John Doe
Персен - Реклама,4 года назад,15 тыс. просмотров,John Doe
Askona - Реклама,4 года назад,"2,5 тыс. просмотров",John Doe
Тинькофф Платинум - Реклама,4 года назад,4 тыс. просмотров,John Doe
Слабилен - Реклама,4 года назад,19 тыс. просмотров,John Doe
Takayama - Реклама,4 года назад,"4,7 тыс. просмотров",John Doe
WILDBERRIES Pampers - Реклама,4 года назад,29 тыс. просмотров,John Doe
Adrenaline Rush - Реклама,4 года назад,"3,3 тыс. просмотров",John Doe
RedBull - Реклама,4 года назад,27 тыс. просмотров,John Doe
Мелаксен - Реклама,4 года назад,18 тыс. просмотров,John Doe
БКС Мир инвестиций - Реклама,4 года назад,"3,1 тыс. просмотров",John Doe
Фастум Гель - Реклама,4 года назад,22 тыс. просмотров,John Doe
Почта Банк - Реклама 2,4 года назад,"3,8 тыс. просмотров",John Doe
GLISS KUR - Реклама,4 года назад,13 тыс. просмотров,John Doe
Гептрал - Реклама,4 года назад,34 тыс. просмотров,John Doe
BonAqua - Реклама,4 года назад,"2,8 тыс. просмотров",John Doe
Сбербанк для малого бизнеса - Реклама,4 года назад,3 тыс. просмотров,John Doe
Креон - Реклама,4 года назад,39 тыс. просмотров,John Doe
Дексалгин 25 - Реклама,4 года назад,28 тыс. просмотров,John Doe
Альфа Банк - Реклама,4 года назад,"7,8 тыс. просмотров",John Doe
TOYOTA RAV4 - Реклама,4 года назад,"7,3 тыс. просмотров",John Doe
Спортмастер - Реклама,4 года назад,3 тыс. просмотров,John Doe
Лента KAMIS - Реклама,4 года назад,55 тыс. просмотров,John Doe
ИРС 19 - Реклама,4 года назад,54 тыс. просмотров,John Doe
Ostin - Реклама,4 года назад,"4,7 тыс. просмотров",John Doe
HAVAL F7 - Реклама,4 года назад,"5,3 тыс. просмотров",John Doe
Woolite Premium - Реклама,4 года назад,"4,7 тыс. просмотров",John Doe
Додо Пицца - Реклама,4 года назад,18 тыс. просмотров,John Doe
Ибуклин - Реклама,4 года назад,25 тыс. просмотров,John Doe
Ласка - Реклама,4 года назад,14 тыс. просмотров,John Doe
Эссенциале Форте Н - Реклама,4 года назад,17 тыс. просмотров,John Doe
Халва - Реклама,4 года назад,"3,5 тыс. просмотров",John Doe
Фестал - Реклама,4 года назад,11 тыс. просмотров,John Doe
Starbucks - Реклама,4 года назад,14 тыс. просмотров,John Doe
РиноСТОП - Реклама,4 года назад,20 тыс. просмотров,John Doe
